loadtest+5@tokopedia.com, 73fb2ecf
loadtest+6@tokopedia.com, b5012bbf
loadtest+7@tokopedia.com, 938d8c4c
loadtest+8@tokopedia.com, 78cb852a
loadtest+9@tokopedia.com, 5faf3776
loadtest+10@tokopedia.com, 1569ce6e
loadtest+11@tokopedia.com, d1bc4f22
loadtest+12@tokopedia.com, b6caf20e
loadtest+13@tokopedia.com, 43c07d13
loadtest+14@tokopedia.com, 3e522523
loadtest+15@tokopedia.com, 23a8d03c
loadtest+16@tokopedia.com, af98df7d
loadtest+17@tokopedia.com, 6449dbdb
loadtest+18@tokopedia.com, e1ab55af
loadtest+19@tokopedia.com, 564f9c2a
loadtest+20@tokopedia.com, 969d085e
loadtest+21@tokopedia.com, 0c5d2fa4
loadtest+22@tokopedia.com, 6d03add6
loadtest+23@tokopedia.com, 23277cea
loadtest+24@tokopedia.com, 56877afc
loadtest+25@tokopedia.com, 7fa733d9
loadtest+26@tokopedia.com, 88a585d6
loadtest+27@tokopedia.com, 5def3e96
loadtest+28@tokopedia.com, 6a0e209b
loadtest+29@tokopedia.com, fc237e26
loadtest+30@tokopedia.com, 6515192e
loadtest+31@tokopedia.com, 256fc989
loadtest+32@tokopedia.com, 21f42fd5
loadtest+33@tokopedia.com, 93712ffa
loadtest+34@tokopedia.com, 7ad64c05
loadtest+35@tokopedia.com, 93998785
loadtest+36@tokopedia.com, 628b1350
loadtest+37@tokopedia.com, ad7f6b77
loadtest+38@tokopedia.com, 194b0fb7
loadtest+39@tokopedia.com, 02604578
loadtest+40@tokopedia.com, e66fa5ad
loadtest+41@tokopedia.com, 6c5a722f
loadtest+42@tokopedia.com, edd869d0
loadtest+43@tokopedia.com, eb3e8e39
loadtest+44@tokopedia.com, e71d7f33
loadtest+45@tokopedia.com, 6f15edda
loadtest+46@tokopedia.com, 1f51de07
loadtest+47@tokopedia.com, 34f20578
loadtest+48@tokopedia.com, 76c047f0
loadtest+49@tokopedia.com, bdc8d7f6
loadtest+50@tokopedia.com, a5e4ce63
loadtest+51@tokopedia.com, b64ce5dd
loadtest+52@tokopedia.com, 5cb20adb
loadtest+53@tokopedia.com, acede19e
loadtest+54@tokopedia.com, 48952faf
loadtest+55@tokopedia.com, c665dd20
loadtest+56@tokopedia.com, 542aee85
loadtest+57@tokopedia.com, 7db0f7f2
loadtest+58@tokopedia.com, 2e7657d0
loadtest+59@tokopedia.com, a83a4e31
loadtest+60@tokopedia.com, 400ecb55
loadtest+61@tokopedia.com, c652375f
loadtest+62@tokopedia.com, c940b067
loadtest+63@tokopedia.com, 34ac786f
loadtest+64@tokopedia.com, 2fb41f74
loadtest+65@tokopedia.com, bc3ca9c3
loadtest+66@tokopedia.com, 1b1dad0d
loadtest+67@tokopedia.com, fa6ba81a
loadtest+68@tokopedia.com, 29bdc100
loadtest+69@tokopedia.com, a8c4e18f
loadtest+70@tokopedia.com, 99c75398
loadtest+71@tokopedia.com, 30b3bfdc
loadtest+72@tokopedia.com, 8aba4040
loadtest+73@tokopedia.com, ee650b5d
loadtest+74@tokopedia.com, 2ffc9040
loadtest+75@tokopedia.com, 75ba44ef
loadtest+76@tokopedia.com, 420d025c
loadtest+77@tokopedia.com, 251cd671
loadtest+78@tokopedia.com, f57663f7
loadtest+79@tokopedia.com, 882c103b
loadtest+80@tokopedia.com, f3a16961
loadtest+81@tokopedia.com, 15e1c782
loadtest+82@tokopedia.com, f1667e51
loadtest+83@tokopedia.com, df4161ed
loadtest+84@tokopedia.com, 759541b5
loadtest+85@tokopedia.com, 9d064814
loadtest+86@tokopedia.com, 712ba4b9
loadtest+87@tokopedia.com, 40d0bac6
loadtest+88@tokopedia.com, 66ab37d2
loadtest+89@tokopedia.com, 327519c2
loadtest+90@tokopedia.com, f7031221
loadtest+91@tokopedia.com, de351cd5
loadtest+92@tokopedia.com, 15d7a8e5
loadtest+93@tokopedia.com, 8bbe70ce
loadtest+94@tokopedia.com, 4d9142dd
loadtest+95@tokopedia.com, b1b51987
loadtest+96@tokopedia.com, 49e40082
loadtest+97@tokopedia.com, 2349f312
loadtest+98@tokopedia.com, 79332d2a
loadtest+99@tokopedia.com, 59c90537
loadtest+100@tokopedia.com, 3a21ab24
loadtest+101@tokopedia.com, d01af2bc
loadtest+102@tokopedia.com, 9afe131d
loadtest+103@tokopedia.com, 6b1049f5
loadtest+104@tokopedia.com, ea8a1396
loadtest+105@tokopedia.com, efc8e932
loadtest+106@tokopedia.com, 41a7e94e
loadtest+107@tokopedia.com, a5bea64c
loadtest+108@tokopedia.com, 2c8fa2f8
loadtest+109@tokopedia.com, 1472f2d8
loadtest+110@tokopedia.com, e48f5d40
loadtest+111@tokopedia.com, c61618d9
loadtest+112@tokopedia.com, 7ed5abe9
loadtest+113@tokopedia.com, fb558e3f
loadtest+114@tokopedia.com, 6fe0fc1d
loadtest+115@tokopedia.com, da6c83f0
loadtest+116@tokopedia.com, 1d77356a
loadtest+117@tokopedia.com, f54c6bb7
loadtest+118@tokopedia.com, 1a7d1490
loadtest+119@tokopedia.com, f3f243fb
loadtest+120@tokopedia.com, 85027fe3
loadtest+121@tokopedia.com, c8558cc5
loadtest+122@tokopedia.com, ebf23e13
loadtest+123@tokopedia.com, 4e00e24f
loadtest+124@tokopedia.com, de0149c9
loadtest+125@tokopedia.com, af197905
loadtest+126@tokopedia.com, 0b30b973
loadtest+127@tokopedia.com, fe04aabf
loadtest+128@tokopedia.com, db8277c4
loadtest+129@tokopedia.com, e79f843d
loadtest+130@tokopedia.com, 2d9ebbdd
loadtest+131@tokopedia.com, 2ddce87d
loadtest+132@tokopedia.com, 3f34c1a6
loadtest+133@tokopedia.com, 721e0430
loadtest+134@tokopedia.com, e796e875
loadtest+135@tokopedia.com, fd5d7f5a
loadtest+136@tokopedia.com, a0070fc8
loadtest+137@tokopedia.com, 562feefe
loadtest+138@tokopedia.com, fb71db1f
loadtest+139@tokopedia.com, b6f86622
loadtest+140@tokopedia.com, 80384bb6
loadtest+141@tokopedia.com, 15b64b23
loadtest+142@tokopedia.com, c7f9f6b6
loadtest+143@tokopedia.com, 4affca61
loadtest+144@tokopedia.com, 5c05b2e7
loadtest+145@tokopedia.com, edc61e95
loadtest+146@tokopedia.com, 27e37a90
loadtest+147@tokopedia.com, e809e15e
loadtest+148@tokopedia.com, 6f22ec6f
loadtest+149@tokopedia.com, 5f2dac97
loadtest+150@tokopedia.com, bcf7e5fe
loadtest+151@tokopedia.com, 5fa26608
loadtest+152@tokopedia.com, 0d28b42a
loadtest+153@tokopedia.com, aeebacb9
loadtest+154@tokopedia.com, 39dbf8d0
loadtest+155@tokopedia.com, 5be839d2
loadtest+156@tokopedia.com, 198d01bf
loadtest+157@tokopedia.com, a75b3799
loadtest+158@tokopedia.com, 737e7881
loadtest+159@tokopedia.com, 44b4ce0b
loadtest+160@tokopedia.com, 51720471
loadtest+161@tokopedia.com, b8652f48
loadtest+162@tokopedia.com, a6d9853e
loadtest+163@tokopedia.com, 8874e42d
loadtest+164@tokopedia.com, c4dd2564
loadtest+165@tokopedia.com, 920aef8b
loadtest+166@tokopedia.com, 122e36df
loadtest+167@tokopedia.com, de7fbb8e
loadtest+168@tokopedia.com, 7f426f48
loadtest+169@tokopedia.com, 25a42ef5
loadtest+170@tokopedia.com, 418e71cb
loadtest+171@tokopedia.com, 21dd08e8
loadtest+172@tokopedia.com, 4b9ff463
loadtest+173@tokopedia.com, 8ff914ca
loadtest+174@tokopedia.com, b5a51ede
loadtest+175@tokopedia.com, 46419329
loadtest+176@tokopedia.com, 6818430c
loadtest+177@tokopedia.com, 59b43997
loadtest+178@tokopedia.com, e276ec70
loadtest+179@tokopedia.com, d8fd6e06
loadtest+180@tokopedia.com, 0d6ac654
loadtest+181@tokopedia.com, b78171dc
loadtest+182@tokopedia.com, 265fd8c0
loadtest+183@tokopedia.com, 42a28a03
loadtest+184@tokopedia.com, 2de2621b
loadtest+185@tokopedia.com, 9d355c8c
loadtest+186@tokopedia.com, cfe086a2
loadtest+187@tokopedia.com, 7142c92b
loadtest+188@tokopedia.com, 2b011eff
loadtest+189@tokopedia.com, b131c99b
loadtest+190@tokopedia.com, e4575287
loadtest+191@tokopedia.com, 54087e82
loadtest+192@tokopedia.com, dbb670b4
loadtest+193@tokopedia.com, 9c41d374
loadtest+194@tokopedia.com, 69f71126
loadtest+195@tokopedia.com, 0bcdf8ec
loadtest+196@tokopedia.com, 8a841b2d
loadtest+197@tokopedia.com, 7d30b7a9
loadtest+198@tokopedia.com, a52b4d51
loadtest+199@tokopedia.com, 56ddf32a
loadtest+200@tokopedia.com, 67a4b4c3
loadtest+201@tokopedia.com, d335dc51
loadtest+202@tokopedia.com, 764950e9
loadtest+203@tokopedia.com, b47150d7
loadtest+204@tokopedia.com, 2509b5c5
loadtest+205@tokopedia.com, 4b1f2eeb
loadtest+206@tokopedia.com, 54b867ba
loadtest+207@tokopedia.com, a7c2714f
loadtest+208@tokopedia.com, 8b6be3a9
loadtest+209@tokopedia.com, 2a3fb861
loadtest+210@tokopedia.com, d60393b0
loadtest+211@tokopedia.com, 9f1d5fd0
loadtest+212@tokopedia.com, 6418a350
loadtest+213@tokopedia.com, f5c562b0
loadtest+214@tokopedia.com, 846a01f9
loadtest+215@tokopedia.com, 4175539f
loadtest+216@tokopedia.com, 3ac0120a
loadtest+217@tokopedia.com, e8309539
loadtest+218@tokopedia.com, f5f9c195
loadtest+219@tokopedia.com, b1086ab5
loadtest+220@tokopedia.com, 9e83664b
loadtest+221@tokopedia.com, 3224769b
loadtest+222@tokopedia.com, 7725f91d
loadtest+223@tokopedia.com, f1709ef7
loadtest+224@tokopedia.com, d545514d
loadtest+225@tokopedia.com, a66ca7c4
loadtest+226@tokopedia.com, 52564448
loadtest+227@tokopedia.com, 2e6ab312
loadtest+228@tokopedia.com, 548f7864
loadtest+229@tokopedia.com, 6ddef68e
loadtest+230@tokopedia.com, 74d2cf22
loadtest+231@tokopedia.com, 40941e8d
loadtest+232@tokopedia.com, 21444505
loadtest+233@tokopedia.com, 6c23b37e
loadtest+234@tokopedia.com, cf900536
loadtest+235@tokopedia.com, 090a0bdf
loadtest+236@tokopedia.com, e55479b7
loadtest+237@tokopedia.com, 1578d3c7
loadtest+238@tokopedia.com, 3656ee76
loadtest+239@tokopedia.com, d5b2e4df
loadtest+240@tokopedia.com, 44f8ce1d
loadtest+241@tokopedia.com, 9424f744
loadtest+242@tokopedia.com, c2abe882
loadtest+243@tokopedia.com, b1cbcbf0
loadtest+244@tokopedia.com, 0ce9fc4c
loadtest+245@tokopedia.com, 60365591
loadtest+246@tokopedia.com, f47494ed
loadtest+247@tokopedia.com, 025086dd
loadtest+248@tokopedia.com, 0afd883e
loadtest+249@tokopedia.com, 3a438b83
loadtest+250@tokopedia.com, 680a1265
loadtest+251@tokopedia.com, 2568d9cd
loadtest+252@tokopedia.com, 795ad654
loadtest+253@tokopedia.com, 5d09da37
loadtest+254@tokopedia.com, 7f0c8d01
loadtest+255@tokopedia.com, e38c0c56
loadtest+256@tokopedia.com, 2464c304
loadtest+257@tokopedia.com, f1d51e03
loadtest+258@tokopedia.com, 37c3d22b
loadtest+259@tokopedia.com, 0a996383
loadtest+260@tokopedia.com, 3c2b6527
loadtest+261@tokopedia.com, 496ea636
loadtest+262@tokopedia.com, 454d8c38
loadtest+263@tokopedia.com, 5561c914
loadtest+264@tokopedia.com, 4770bd3a
loadtest+265@tokopedia.com, d6b57c61
loadtest+266@tokopedia.com, 97d293ee
loadtest+267@tokopedia.com, 7b69d500
loadtest+268@tokopedia.com, abd7be4b
loadtest+269@tokopedia.com, e24740c4
loadtest+270@tokopedia.com, e80aed02
loadtest+271@tokopedia.com, d06a1504
loadtest+272@tokopedia.com, 5bab8eaf
loadtest+273@tokopedia.com, 6dffd83a
loadtest+274@tokopedia.com, 7b431f87
loadtest+275@tokopedia.com, 042fa531
loadtest+276@tokopedia.com, a0f06cc2
loadtest+277@tokopedia.com, 5c681fae
loadtest+278@tokopedia.com, 3ecd8a09
loadtest+279@tokopedia.com, 4176fbe9
loadtest+280@tokopedia.com, 90ce0769
loadtest+281@tokopedia.com, 36c661f4
loadtest+282@tokopedia.com, 57f60450
loadtest+283@tokopedia.com, af248c55
loadtest+284@tokopedia.com, 955fed5b
loadtest+285@tokopedia.com, 85171967
loadtest+286@tokopedia.com, bb655c1f
loadtest+287@tokopedia.com, 075f2f55
loadtest+288@tokopedia.com, 321c1c03
loadtest+289@tokopedia.com, 7a34e9ab
loadtest+290@tokopedia.com, c46db7e9
loadtest+291@tokopedia.com, 512e76d3
loadtest+292@tokopedia.com, 6d6892e4
loadtest+293@tokopedia.com, ef41d229
loadtest+294@tokopedia.com, a76cfd62
loadtest+295@tokopedia.com, a0589a65
loadtest+296@tokopedia.com, a155ffbb
loadtest+297@tokopedia.com, d5c30afa
loadtest+298@tokopedia.com, 5ec18246
loadtest+299@tokopedia.com, 94dd8ec3
loadtest+300@tokopedia.com, 92e79c33
loadtest+301@tokopedia.com, 249b58cc
loadtest+302@tokopedia.com, 78226622
loadtest+303@tokopedia.com, 7a9b6585
loadtest+304@tokopedia.com, 3bbd24f7
loadtest+305@tokopedia.com, 77a3a5b1
loadtest+306@tokopedia.com, f51de0ac
loadtest+307@tokopedia.com, ee021639
loadtest+308@tokopedia.com, 8ad60b0f
loadtest+309@tokopedia.com, 5a4e504e
loadtest+310@tokopedia.com, 32b46af4
loadtest+311@tokopedia.com, a95143bb
loadtest+312@tokopedia.com, 14653acb
loadtest+313@tokopedia.com, c31f15e0
loadtest+314@tokopedia.com, 8706d9e5
loadtest+315@tokopedia.com, a06e46f7
loadtest+316@tokopedia.com, da14e12d
loadtest+317@tokopedia.com, 2de53b6c
loadtest+318@tokopedia.com, 354fd405
loadtest+319@tokopedia.com, 5960bee8
loadtest+320@tokopedia.com, 958899b8
loadtest+321@tokopedia.com, fed1d186
loadtest+322@tokopedia.com, 88efc0fd
loadtest+323@tokopedia.com, 8e187c45
loadtest+324@tokopedia.com, e3017e83
loadtest+325@tokopedia.com, 45400ea1
loadtest+326@tokopedia.com, 9976add7
loadtest+327@tokopedia.com, 9df6f287
loadtest+328@tokopedia.com, 26147784
loadtest+329@tokopedia.com, 3a812484
loadtest+330@tokopedia.com, 803315c9
loadtest+331@tokopedia.com, 558fac69
loadtest+332@tokopedia.com, 8cc5206a
loadtest+333@tokopedia.com, 988d71c2
loadtest+334@tokopedia.com, bf506871
loadtest+335@tokopedia.com, 0ea584d1
loadtest+336@tokopedia.com, 1a8e7686
loadtest+337@tokopedia.com, c580ef97
loadtest+338@tokopedia.com, 27528095
loadtest+339@tokopedia.com, 8daa52f0
loadtest+340@tokopedia.com, e662b541
loadtest+341@tokopedia.com, a8193aba
loadtest+342@tokopedia.com, 6e28c63b
loadtest+343@tokopedia.com, 00962b38
loadtest+344@tokopedia.com, 2fa09be1
loadtest+345@tokopedia.com, 286a7e8f
loadtest+346@tokopedia.com, 1ff41eeb
loadtest+347@tokopedia.com, 558fb20d
loadtest+348@tokopedia.com, a6084cdd
loadtest+349@tokopedia.com, fbc86a59
loadtest+350@tokopedia.com, 0bea925e
loadtest+351@tokopedia.com, 2f04e4d4
loadtest+352@tokopedia.com, 61cc9060
loadtest+353@tokopedia.com, 73f1a82c
loadtest+354@tokopedia.com, 99174280
loadtest+355@tokopedia.com, 0f2afd81
loadtest+356@tokopedia.com, d6e7384f
loadtest+357@tokopedia.com, 08eeeb5d
loadtest+358@tokopedia.com, 575230bf
loadtest+359@tokopedia.com, f01c03a8
loadtest+360@tokopedia.com, bb93ffa0
loadtest+361@tokopedia.com, c54e79cd
loadtest+362@tokopedia.com, 7f65d6aa
loadtest+363@tokopedia.com, 4cc368ba
loadtest+364@tokopedia.com, daafa6d0
loadtest+365@tokopedia.com, c8123226
loadtest+366@tokopedia.com, 52aa70f8
loadtest+367@tokopedia.com, 9b92fc7a
loadtest+368@tokopedia.com, 6cde7aaa
loadtest+369@tokopedia.com, 8ccb762b
loadtest+370@tokopedia.com, 35fa517f
loadtest+371@tokopedia.com, cd8e4b79
loadtest+372@tokopedia.com, 3ccf31c2
loadtest+373@tokopedia.com, 01450c91
loadtest+374@tokopedia.com, 72dcff54
loadtest+375@tokopedia.com, 89b15c76
loadtest+376@tokopedia.com, f36ce242
loadtest+377@tokopedia.com, 73b8226a
loadtest+378@tokopedia.com, f2b15e23
loadtest+379@tokopedia.com, 5692b403
loadtest+380@tokopedia.com, 19a32420
loadtest+381@tokopedia.com, 81d40d8f
loadtest+382@tokopedia.com, e9e2ae77
loadtest+383@tokopedia.com, 95b78c61
loadtest+384@tokopedia.com, 938b9c2d
loadtest+385@tokopedia.com, 37612914
loadtest+386@tokopedia.com, 5068ab6b
loadtest+387@tokopedia.com, 63eeb479
loadtest+388@tokopedia.com, 7358c678
loadtest+389@tokopedia.com, 3173cb71
loadtest+390@tokopedia.com, a8f0a837
loadtest+391@tokopedia.com, d51e624f
loadtest+392@tokopedia.com, 615970bd
loadtest+393@tokopedia.com, 04403ad9
loadtest+394@tokopedia.com, 0362b4c7
loadtest+395@tokopedia.com, 8321b66e
loadtest+396@tokopedia.com, 737ea06b
loadtest+397@tokopedia.com, 62ea662e
loadtest+398@tokopedia.com, 768219fe
loadtest+399@tokopedia.com, 8a5b2b36
loadtest+400@tokopedia.com, 3deae503
loadtest+401@tokopedia.com, ffc5a663
loadtest+402@tokopedia.com, 14b74cdd
loadtest+403@tokopedia.com, 2c9a80b5
loadtest+404@tokopedia.com, 4e2bd739
loadtest+405@tokopedia.com, 4f8b6b0d
loadtest+406@tokopedia.com, cfa4b89a
loadtest+407@tokopedia.com, e0c8d7e8
loadtest+408@tokopedia.com, bc5b522c
loadtest+409@tokopedia.com, 5a0a81dc
loadtest+410@tokopedia.com, cf82602e
loadtest+411@tokopedia.com, 76d65055
loadtest+412@tokopedia.com, 2f461108
loadtest+413@tokopedia.com, 3d5ac895
loadtest+414@tokopedia.com, 21f0bef6
loadtest+415@tokopedia.com, c3964c7f
loadtest+416@tokopedia.com, 57c5e8d3
loadtest+417@tokopedia.com, b956be85
loadtest+418@tokopedia.com, 2e0ae3b7
loadtest+419@tokopedia.com, 1c260ebb
loadtest+420@tokopedia.com, 00468abf
loadtest+421@tokopedia.com, 23113a42
loadtest+422@tokopedia.com, 7f97e93a
loadtest+423@tokopedia.com, 74e40149
loadtest+424@tokopedia.com, 7e642108
loadtest+425@tokopedia.com, b0ba8b9e
loadtest+426@tokopedia.com, 749f67aa
loadtest+427@tokopedia.com, fba05c95
loadtest+428@tokopedia.com, 44380322
loadtest+429@tokopedia.com, b1a0f4e0
loadtest+430@tokopedia.com, 338fa475
loadtest+431@tokopedia.com, ce042616
loadtest+432@tokopedia.com, 1674a097
loadtest+433@tokopedia.com, 8c095625
loadtest+434@tokopedia.com, 2bc76ee1
loadtest+435@tokopedia.com, fb57efaf
loadtest+436@tokopedia.com, dc148af8
loadtest+437@tokopedia.com, bcdb49d6
loadtest+438@tokopedia.com, 6b064941
loadtest+439@tokopedia.com, 9b73c9ad
loadtest+440@tokopedia.com, 9ab04cad
loadtest+441@tokopedia.com, 25d05d0e
loadtest+442@tokopedia.com, b8e91759
loadtest+443@tokopedia.com, 697c7582
loadtest+444@tokopedia.com, 96f97b93
loadtest+445@tokopedia.com, 76686f59
loadtest+446@tokopedia.com, 5dd76f4d
loadtest+447@tokopedia.com, a1e21f95
loadtest+448@tokopedia.com, 55a4ba04
loadtest+449@tokopedia.com, ab548b39
loadtest+450@tokopedia.com, cc129aa0
loadtest+451@tokopedia.com, 50f947fa
loadtest+452@tokopedia.com, 7c44a935
loadtest+453@tokopedia.com, ce485a7f
loadtest+454@tokopedia.com, 3f12404a
loadtest+455@tokopedia.com, 7067a27b
loadtest+456@tokopedia.com, dd63107e
loadtest+457@tokopedia.com, 0a8af8fd
loadtest+458@tokopedia.com, aaa4a4dc
loadtest+459@tokopedia.com, c1d02b8a
loadtest+460@tokopedia.com, bd7cc465
loadtest+461@tokopedia.com, 45ff5c2c
loadtest+462@tokopedia.com, 8ade1306
loadtest+463@tokopedia.com, 48e0302f
loadtest+464@tokopedia.com, cea712e6
loadtest+465@tokopedia.com, d6b8f0d9
loadtest+466@tokopedia.com, 34d03d28
loadtest+467@tokopedia.com, 0d53f8b8
loadtest+468@tokopedia.com, 7cc51b60
loadtest+469@tokopedia.com, 40d5979e
loadtest+470@tokopedia.com, 3fd1b353
loadtest+471@tokopedia.com, 9c544629
loadtest+472@tokopedia.com, 5ae8e2e4
loadtest+473@tokopedia.com, b68a746c
loadtest+474@tokopedia.com, 37b20ded
loadtest+475@tokopedia.com, fb432e20
loadtest+476@tokopedia.com, ad12c39c
loadtest+477@tokopedia.com, d23708b9
loadtest+478@tokopedia.com, 07552253
loadtest+479@tokopedia.com, 87339ead
loadtest+480@tokopedia.com, f04c0c05
loadtest+481@tokopedia.com, 8d10c6ef
loadtest+482@tokopedia.com, 0f428f12
loadtest+483@tokopedia.com, 01e71388
loadtest+484@tokopedia.com, 9bcc867b
loadtest+485@tokopedia.com, 42f811d1
loadtest+486@tokopedia.com, 97e2f001
loadtest+487@tokopedia.com, bc44ce75
loadtest+488@tokopedia.com, cc669b93
loadtest+489@tokopedia.com, 70a258a7
loadtest+490@tokopedia.com, e78a84c1
loadtest+491@tokopedia.com, a9f50323
loadtest+492@tokopedia.com, 6c6e74bb
loadtest+493@tokopedia.com, b0620518
loadtest+494@tokopedia.com, 29f327de
loadtest+495@tokopedia.com, 8a356450
loadtest+496@tokopedia.com, e826b677
loadtest+497@tokopedia.com, 5aecf652
loadtest+498@tokopedia.com, 8d3c189d
loadtest+499@tokopedia.com, eae6ee3c
loadtest+500@tokopedia.com, de830b2e
loadtest+501@tokopedia.com, 48742e47
loadtest+502@tokopedia.com, a01cbad2
loadtest+503@tokopedia.com, 829a1c58
loadtest+504@tokopedia.com, cbac1b94